state,state_name,ipv_victims,rate_per_100k,population_total,population_covered,agencies_total,agencies_reporting,pct_covered
AK,Alaska,2387,533.6797295605359,742752,447272,47,31,0.6021821550127094
AL,Alabama,26129,527.5124524352506,5209878,4953248,493,311,0.9507416488447522
AR,Arkansas,12993,431.8520914065323,3136856,3008669,406,347,0.959135197790399
AZ,Arizona,17859,335.8106869367781,7631234,5318175,136,85,0.6968958100354412
CA,California,102729,337.7055666634911,39503819,30419694,911,712,0.770044384822642
CO,Colorado,19614,336.23189200808986,6082477,5833474,308,212,0.9590622373089122
CT,Connecticut,10226,279.1617721449184,3726936,3663109,124,106,0.9828741357511908
DC,District of Columbia,4187,603.6228906717413,693645,693645,3,2,1
DE,Delaware,4573,431.6529106602128,1077339,1059416,75,58,0.9833636394858072
FL,Florida,32577,219.49945069549935,23612763,14841495,901,157,0.6285369907790969
GA,Georgia,29835,305.2178596693499,11558389,9774985,805,375,0.8457047950194443
HI,Hawaii,3907,272.67905249787134,1432820,1432820,13,4,1
IA,Iowa,9013,287.7922505877661,3286392,3131773,319,266,0.9529517476916936
ID,Idaho,5643,292.60067189783916,2116144,1928567,144,94,0.9113590568505735
IL,Illinois,57442,487.4526470752714,12816343,11784119,1071,638,0.9194603327954004
IN,Indiana,19497,346.7863257653507,6982061,5622194,364,175,0.8052341565047914
KS,Kansas,10286,404.86961395686245,3072343,2540571,476,195,0.8269164608248493
KY,Kentucky,11804,256.2473868367341,4607282,4606486,464,455,0.9998272300241227
LA,Louisiana,14880,423.5969702568313,4700254,3512773,299,120,0.7473581214972638
MA,Massachusetts,16836,243.7270610144263,7160641,6907727,447,392,0.96467997767239
MD,Maryland,20341,325.15332127629034,6337547,6255818,187,149,0.987104000964411
ME,Maine,3381,243.89557720149844,1486371,1386249,158,122,0.9326399667377795
MI,Michigan,32800,339.32981533836977,10560264,9666112,831,568,0.9153286319357168
MN,Minnesota,14017,242.17300209000985,6212008,5788011,492,375,0.931745580495067
MO,Missouri,26860,453.2706787028088,6362079,5925819,719,431,0.9314280756337668
MS,Mississippi,9591,412.30651771873397,2956203,2326182,311,187,0.7868816857299719
MT,Montana,4172,364.7331380862875,1169567,1143850,136,108,0.978011520502887
NC,North Carolina,37046,372.97542083318314,11242365,9932558,605,308,0.8834936421295697
ND,North Dakota,2516,492.1627579893313,827214,511213,145,28,0.6179936509778606
NE,Nebraska,6591,332.36496507167453,2085093,1983061,341,180,0.9510659716377159
NH,New Hampshire,3962,281.5274105518065,1438961,1407323,242,209,0.9780133026537898
NJ,New Jersey,19573,268.838213182536,9609475,7280587,609,362,0.7576466976603821
NM,New Mexico,11062,575.8267293541496,2129853,1921064,147,79,0.9019702298703244
NV,Nevada,23852,730.5883484451872,3288273,3264766,83,43,0.9928512626536787
NY,New York,77282,482.42406324885224,21965317,16019516,873,204,0.7293095747263744
OH,Ohio,37344,363.6113665941404,12032043,10270306,934,437,0.8535795625065502
OK,Oklahoma,15194,369.17179803479314,4137590,4115699,521,457,0.9947092389531104
OR,Oregon,11628,283.30737729681687,4273586,4104376,241,175,0.9604056172029766
PA,Pennsylvania,23130,350.068886231547,14167876,6607271,1848,195,0.4663557896751778
RI,Rhode Island,2748,263.7861374049319,1121106,1041753,50,44,0.9292190033770223
SC,South Carolina,24760,485.3074920814125,5598990,5101920,548,316,0.9112214881612577
SD,South Dakota,3923,472.1329626554019,981648,830910,186,92,0.8464439391716786
TN,Tennessee,39409,549.2597140320532,7336061,7174930,573,295,0.9780357606077703
TX,Texas,135360,431.62888181397904,31709821,31360274,1712,1517,0.9889766958949405
UT,Utah,8789,266.15637966757856,3668213,3302194,180,114,0.9002187168520476
VA,Virginia,28933,325.99009647202166,8893071,8875423,452,404,0.998015533666604
VT,Vermont,937,151.35631084741766,664904,619069,103,78,0.9310652364852671
WA,Washington,20125,267.79046849559904,8054291,7515204,315,222,0.9330683482878878
WI,Wisconsin,16260,293.27533720350965,6088944,5544278,495,300,0.9105483643797676
WV,West Virginia,4071,304.80591552585946,1786049,1335604,466,141,0.7477980727292476
WY,Wyoming,1762,326.59628102850024,599477,539504,85,56,0.8999577965459893
